Date,Open,High,Low,Close
8/5/2015,94.809998,95.379997,94.720001,94.980003
11/5/2015,94.980003,95.389999,94.650002,95.040001
12/5/2015,94.629997,94.75,93.75,94.18
13/5/2015,94.68,95.440002,94.5,94.760002
14/5/2015,95.419998,96.239998,95.07,95.889999
15/5/2015,96.07,96.410004,95.639999,96.050003
18/5/2015,96.18,97.040001,95.910004,96.989998
19/5/2015,97.230003,97.699997,96.300003,96.639999
20/5/2015,96.760002,97.540001,96.419998,96.849998
21/5/2015,96.769997,97.489998,96.349998,97.339996
22/5/2015,97.220001,97.879997,97.220001,97.540001
26/5/2015,97.389999,97.480003,96.349998,96.790001
27/5/2015,97.089996,100.919998,97.040001,100.589996
28/5/2015,100.690002,101.169998,100.019997,100.690002
29/5/2015,101.010002,101.480003,100.599998,101.07
1/6/2015,101.410004,101.800003,100.589996,101.129997
2/6/2015,100.82,100.82,99.849998,100
3/6/2015,100.5,100.589996,99.25,99.32
4/6/2015,98.900002,99.239998,98.120003,98.419998
5/6/2015,98.300003,98.720001,97.540001,98.43
8/6/2015,98.519997,98.519997,96.32,96.580002
9/6/2015,96.639999,96.769997,95.540001,96.519997
10/6/2015,96.970001,98.059998,96.919998,97.720001
11/6/2015,98.129997,98.18,97.599998,97.690002
12/6/2015,97.279999,97.279999,96.68,96.809998
15/6/2015,95.809998,96.690002,95.349998,96.610001
16/6/2015,96.43,97.120003,96.199997,96.879997
17/6/2015,96.989998,97.339996,96.599998,96.959999
18/6/2015,97.220001,98.790001,97.220001,98.330002
19/6/2015,98.57,98.849998,97.519997,97.839996
22/6/2015,98.650002,98.919998,98.18,98.669998
23/6/2015,98.860001,99,97.849998,98.18
24/6/2015,97.779999,98.019997,96.870003,96.889999
25/6/2015,97.150002,97.470001,96.580002,96.82
26/6/2015,95.949997,95.949997,94.029999,94.410004
29/6/2015,93.169998,93.830002,91.690002,91.760002
30/6/2015,92.599998,92.800003,91.68,92.089996
1/7/2015,93.400002,93.540001,92.120003,92.309998
2/7/2015,92.489998,93.029999,92.349998,92.739998
6/7/2015,91.900002,92.739998,90.989998,91.389999
7/7/2015,91.43,91.440002,88.339996,91.099998
8/7/2015,89.879997,90.129997,88.419998,88.639999
9/7/2015,90.25,90.459999,87.480003,87.510002
10/7/2015,88.550003,89.440002,88.459999,89.129997
13/7/2015,89.910004,90.059998,89.239998,89.879997
14/7/2015,90.32,91.040001,90.209999,90.82
15/7/2015,91.019997,91.019997,89.870003,90.279999
16/7/2015,90.949997,90.949997,89.620003,90.449997
17/7/2015,90.400002,90.400002,89.550003,90.260002
20/7/2015,90.589996,90.739998,89.589996,89.639999
21/7/2015,89.68,90.449997,89.529999,89.660004
22/7/2015,87.309998,87.669998,86.459999,87.43
23/7/2015,87.919998,89.779999,87.919998,88.730003
24/7/2015,88.989998,89.169998,86.860001,86.949997
27/7/2015,86.419998,86.910004,85.400002,86.309998
28/7/2015,86.75,88.639999,86.07,88.110001
29/7/2015,88.040001,88.389999,87.260002,88.220001
30/7/2015,87.760002,88.860001,87.519997,88.57
31/7/2015,88.699997,88.699997,87.379997,87.540001
3/8/2015,87.449997,87.620003,86.779999,87.260002
4/8/2015,86.980003,87.150002,85.739998,86.290001
5/8/2015,86.790001,87.989998,86.75,87.379997
6/8/2015,87.540001,87.540001,85.160004,85.82
7/8/2015,85.470001,86.400002,85.389999,86.309998
10/8/2015,87.07,88.599998,86.959999,88.449997
11/8/2015,87.57,87.580002,86.110001,86.459999
12/8/2015,85.410004,87.379997,84.730003,86.959999
13/8/2015,86.949997,87.300003,86.07,86.260002
14/8/2015,85.940002,85.940002,85.029999,85.550003
17/8/2015,85.190002,86.440002,84.760002,86.279999
18/8/2015,86.150002,86.160004,84.519997,84.650002
19/8/2015,84.830002,84.849998,83.339996,83.889999
20/8/2015,82.980003,83.019997,80.709999,80.739998
21/8/2015,79.699997,80.93,78.529999,78.529999
24/8/2015,73.980003,80.18,72.860001,76.769997
25/8/2015,79.790001,79.959999,76.010002,76.010002
26/8/2015,78.379997,79.900002,76.879997,79.800003
27/8/2015,81.190002,82.879997,81.099998,82.769997
28/8/2015,82.470001,83.419998,82.470001,83.25
31/8/2015,82.610001,83.860001,82.199997,83.019997
1/9/2015,80.529999,82.160004,79.699997,80.089996
2/9/2015,81.440002,82,80.550003,82
3/9/2015,82.620003,83.730003,82.370003,82.639999
4/9/2015,81.5,82.199997,80.889999,81.209999
8/9/2015,83,84.839996,82.989998,84.809998
9/9/2015,85.559998,86.150002,83.080002,83.25
10/9/2015,83.209999,84.379997,82.43,83.620003
11/9/2015,82.889999,83.720001,82.519997,83.669998
14/9/2015,84.080002,84.300003,83.620003,83.860001
15/9/2015,84.25,85.160004,84.209999,84.93
16/9/2015,84.730003,85.209999,84.230003,85.110001
17/9/2015,84.959999,85.800003,84.25,84.43
18/9/2015,83.169998,84.029999,82.639999,82.959999
21/9/2015,83.489998,83.760002,82.309998,82.709999
22/9/2015,81.300003,81.529999,80.559998,80.889999
23/9/2015,80.949997,81.349998,80.190002,80.290001
24/9/2015,79.529999,80.629997,78.010002,80.129997
25/9/2015,80.769997,81.300003,79.349998,80.120003
28/9/2015,79.610001,80.050003,77.889999,77.900002
29/9/2015,78.110001,79.160004,77.580002,78.419998
30/9/2015,79.800003,81.540001,79.68,81.459999
1/10/2015,81.419998,81.419998,79.089996,80.489998
2/10/2015,79.419998,82.220001,79.379997,82.169998
5/10/2015,82.970001,84.169998,82.709999,83.769997
6/10/2015,83.589996,84.260002,82.540001,84.040001
7/10/2015,84.75,85.68,83.730003,85.150002
8/10/2015,85.099998,85.860001,84.360001,85.709999
9/10/2015,85.870003,85.980003,84.669998,85.18
12/10/2015,85.099998,85.360001,84.730003,85.18
13/10/2015,84.580002,85.050003,84.050003,84.129997
14/10/2015,84.550003,87.949997,84.32,87.190002
15/10/2015,87.830002,88.68,87.260002,88.010002
16/10/2015,88.059998,88.32,87.489998,88.209999
19/10/2015,87.93,88.779999,87.519997,88.18
20/10/2015,88.150002,88.389999,87.599998,88.099998
21/10/2015,88.970001,89.900002,88.199997,88.230003
22/10/2015,89.669998,91.440002,89.5,91.290001
23/10/2015,92.099998,92.650002,91.169998,92.400002
26/10/2015,91.980003,91.980003,90.290001,90.739998
27/10/2015,89.93,90.580002,89.699997,89.949997
28/10/2015,90.589996,91.519997,90.209999,91.279999
29/10/2015,89.529999,89.769997,88.57,88.830002
30/10/2015,89.169998,89.860001,89.010002,89.540001
2/11/2015,89.779999,90.449997,89.690002,90.330002
3/11/2015,90.040001,91.169998,90.040001,90.800003
4/11/2015,90.879997,91.269997,90.419998,91.059998
5/11/2015,90.650002,90.779999,89.019997,89.150002
6/11/2015,89.889999,91.550003,89.75,91.510002
9/11/2015,91.279999,91.279999,90.150002,90.620003
10/11/2015,89.650002,89.650002,88.699997,88.970001
11/11/2015,89.18,89.980003,88.959999,89.040001
12/11/2015,88.57,89.110001,87.889999,87.889999
13/11/2015,87.860001,88.190002,86.760002,87.099998
16/11/2015,87.050003,88.230003,87.029999,88.169998
17/11/2015,88.290001,89.449997,88.169998,88.760002
18/11/2015,88.889999,89.730003,88.279999,89.639999
19/11/2015,89.849998,90.669998,89.370003,89.849998
20/11/2015,90.230003,90.629997,89.910004,90.139999
23/11/2015,89.980003,90,88.940002,89.059998
24/11/2015,88.870003,90.290001,88.489998,90.110001
25/11/2015,90.18,90.620003,89.839996,90.239998
27/11/2015,90.290001,90.970001,90.290001,90.629997
30/11/2015,90.760002,91.870003,90.730003,91.610001
1/12/2015,92.199997,93.040001,91.989998,93.029999
2/12/2015,93.370003,93.610001,92.410004,92.589996
3/12/2015,93.82,93.919998,91.559998,92.029999
4/12/2015,91.93,93.870003,91.779999,93.620003
7/12/2015,93.540001,93.540001,92.660004,92.860001
8/12/2015,91.620003,92.349998,91.199997,92.07
9/12/2015,92.07,92.169998,90.43,90.870003
10/12/2015,90.790001,92.059998,90.730003,91.309998
11/12/2015,90.379997,90.699997,89.459999,89.599998
14/12/2015,89.559998,89.900002,88.120003,89.019997
15/12/2015,89.709999,90.709999,89.410004,90.360001
16/12/2015,90.910004,91.220001,89.610001,91.040001
17/12/2015,91.57,91.800003,89.709999,89.790001
18/12/2015,89.239998,89.519997,88.550003,88.75
21/12/2015,89.290001,90.349998,89.230003,90.269997
22/12/2015,90.559998,90.709999,89.699997,90.410004
23/12/2015,90.519997,91.120003,90.379997,91.040001
24/12/2015,90.760002,91.550003,90.699997,91.209999
28/12/2015,90.779999,90.849998,89.949997,90.849998
29/12/2015,91.410004,92.330002,91.139999,91.910004
30/12/2015,91.879997,92.07,91.010002,91.080002
31/12/2015,90.720001,90.760002,89.790001,89.839996
4/1/2016,88.029999,88.800003,87.5,88.800003
5/1/2016,88.970001,89.150002,87.769997,87.959999
6/1/2016,86.07,86.449997,84.720001,84.919998
7/1/2016,83.279999,84.480003,82.360001,82.540001
8/1/2016,83.110001,83.419998,81.139999,81.349998
11/1/2016,81.870003,82.370003,80.529999,81.629997
12/1/2016,82.529999,83.089996,81.169998,82.309998
13/1/2016,82.330002,82.959999,79.669998,79.690002
14/1/2016,80.089996,81.760002,79,81.330002
15/1/2016,78.120003,78.690002,76.620003,77.660004
19/1/2016,78.82,79.480003,77.110001,77.790001
20/1/2016,76.809998,79.080002,76.139999,78.300003
21/1/2016,79.080002,80.43,78.370003,79.459999
22/1/2016,80.970001,81.480003,80.419998,80.910004
25/1/2016,80.730003,80.900002,79.639999,79.790001
26/1/2016,80.010002,81.160004,79.760002,80.529999
27/1/2016,80.269997,81.129997,79.290001,79.610001
28/1/2016,79.940002,80.379997,78.779999,79.43
29/1/2016,80.089996,83.040001,80.089996,83.029999
1/2/2016,82.379997,83.830002,82.169998,83.400002
2/2/2016,82.5,82.5,80.419998,80.650002
3/2/2016,81.709999,81.709999,79.209999,80.839996
4/2/2016,80.839996,82.75,80.769997,82.239998
5/2/2016,81.879997,81.879997,79.089996,79.419998
8/2/2016,78.080002,78.110001,76.190002,77.419998
9/2/2016,76.480003,78.339996,76.309998,76.980003
10/2/2016,77.599998,78.279999,76.300003,76.379997
11/2/2016,75.169998,76.220001,74.800003,75.790001
12/2/2016,76.629997,77.540001,75.57,77.449997
16/2/2016,78.480003,80.580002,78.230003,80.169998
17/2/2016,80.699997,82.239998,80.580002,82.080002
18/2/2016,82.699997,82.769997,81.610001,81.690002
19/2/2016,81.830002,82.529999,81.480003,82.050003
22/2/2016,82.870003,83.769997,82.870003,83.339996
23/2/2016,82.93,83.080002,81.870003,82.029999
24/2/2016,81.050003,83.300003,80.550003,83.120003
25/2/2016,83.389999,84.209999,82.470001,84.129997
26/2/2016,84.870003,84.980003,84.309998,84.669998
29/2/2016,84.830002,85.949997,84.470001,84.470001
1/3/2016,85.089996,86.860001,85.050003,86.75
2/3/2016,86.620003,87.339996,86.599998,87.290001
3/3/2016,87.32,87.610001,86.75,87.389999
4/3/2016,87.989998,89.019997,87.339996,88.290001
7/3/2016,87.75,89.010002,87.440002,88.690002
8/3/2016,87.989998,88.050003,86.559998,86.68
9/3/2016,86.919998,87.510002,86.639999,87.290001
10/3/2016,87.839996,88.580002,86.550003,87.730003
11/3/2016,88.68,89.489998,88.5,89.400002
14/3/2016,89.059998,89.480003,88.790001,89.190002
15/3/2016,88.889999,88.970001,88.239998,88.959999
16/3/2016,88.400002,89.870003,88.400002,89.760002
17/3/2016,89.489998,90.610001,89.349998,90.379997
18/3/2016,90.5,91.68,90.279999,91.57
21/3/2016,91.269997,91.800003,90.910004,91.690002
22/3/2016,91.239998,92.019997,91.019997,91.669998
23/3/2016,91.260002,91.339996,90.18,90.199997
24/3/2016,89.639999,90.190002,89.160004,90.139999
28/3/2016,90.330002,90.440002,89.709999,90.089996
29/3/2016,89.699997,91.400002,89.279999,91.330002
30/3/2016,91.809998,92.699997,91.760002,92.129997
31/3/2016,92,92.080002,91.589996,91.620003
1/4/2016,90.830002,92.290001,90.730003,92.25
4/4/2016,92.190002,92.260002,91.25,91.43
5/4/2016,90.879997,91.540001,90.519997,90.919998
6/4/2016,90.82,91.870003,90.07,91.790001
7/4/2016,91.440002,91.440002,90.050003,90.389999
8/4/2016,91.410004,91.650002,90.489998,90.809998
11/4/2016,91.239998,92.129997,90.760002,90.790001
12/4/2016,90.910004,91.010002,89.5,90.660004
13/4/2016,91.279999,92.769997,91.230003,92.690002
14/4/2016,91.879997,92.120003,91.059998,91.980003
15/4/2016,91.779999,91.910004,91.089996,91.190002
18/4/2016,90.860001,91.419998,90.690002,91.199997
19/4/2016,91.400002,91.489998,89.709999,90.089996
20/4/2016,89.860001,91.360001,89.849998,90.949997
21/4/2016,90.919998,90.919998,89.980003,90.410004
22/4/2016,90.480003,91.370003,89.839996,90.57
25/4/2016,90.290001,90.809998,89.760002,90.029999
26/4/2016,90.709999,92.059998,90.699997,91.230003
27/4/2016,90.330002,92.309998,90.239998,92.160004
28/4/2016,91.669998,92.169998,89.510002,89.75
29/4/2016,89.400002,89.400002,86.709999,87.379997
2/5/2016,87.610001,88.160004,86.93,88.040001
3/5/2016,87.160004,87.57,86.639999,87.040001
4/5/2016,86.410004,87.019997,85.75,86.050003
5/5/2016,86.550003,87.089996,85.949997,86.260002
6/5/2016,85.889999,86.440002,85.190002,86.379997
9/5/2016,86.540001,87,86.019997,86.269997
10/5/2016,86.510002,87.330002,85.989998,87.290001
11/5/2016,86.959999,87.860001,86.959999,87.080002
12/5/2016,87.279999,87.440002,84.830002,85.519997
13/5/2016,85.760002,86.540001,85.580002,85.830002
16/5/2016,85.879997,87.800003,85.580002,87.209999
17/5/2016,87.080002,87.559998,86.379997,86.639999
18/5/2016,86.279999,88.75,86.279999,87.989998
19/5/2016,87.419998,88.160004,86.739998,87.5
20/5/2016,88.559998,90.239998,88.550003,90.150002
23/5/2016,90.75,91.589996,90.75,90.779999
24/5/2016,91.529999,93.080002,91.419998,92.970001
25/5/2016,93.540001,93.769997,92.800003,93.519997
26/5/2016,93.660004,94.050003,93.43,93.830002
27/5/2016,93.75,94.580002,93.75,94.419998
31/5/2016,94.599998,95.059998,94.339996,94.970001
1/6/2016,94.889999,95.589996,94.519997,95.470001
2/6/2016,95.300003,95.489998,94.879997,95.489998
3/6/2016,96.32,96.370003,95.209999,95.769997
6/6/2016,95.830002,96.339996,95.389999,95.550003
7/6/2016,95.959999,96.650002,95.949997,96.459999
8/6/2016,96.459999,96.669998,96.120003,96.419998
9/6/2016,95.800003,96.580002,95.470001,96.529999
10/6/2016,95.550003,95.550003,94.610001,94.949997
13/6/2016,94.339996,95.510002,94.260002,94.459999
14/6/2016,94.150002,94.68,93.529999,94.43
15/6/2016,94.910004,95.07,94.260002,94.419998
16/6/2016,93.489998,94.470001,92.790001,94.410004
17/6/2016,94.260002,94.260002,92.93,93.610001
20/6/2016,94.970001,95.779999,94.599998,94.650002
21/6/2016,94.75,94.93,94.309998,94.650002
22/6/2016,94.790001,95.559998,94.449997,94.559998
23/6/2016,95.800003,97.029999,95.510002,96.919998
24/6/2016,92.82,94.309998,91.309998,91.660004
27/6/2016,90.410004,90.419998,87.339996,87.940002
28/6/2016,89.309998,90.419998,89.07,90.239998
29/6/2016,91.300003,92.330002,90.970001,92.059998
30/6/2016,92.18,93.739998,92,93.639999
1/7/2016,92.93,93.190002,92.68,92.870003
5/7/2016,92.139999,92.139999,90.620003,91.169998
6/7/2016,90.510002,91.440002,89.629997,91.290001
7/7/2016,91.43,93.080002,91.43,92.400002
8/7/2016,93.349998,95.050003,93.300003,94.970001
11/7/2016,95.690002,96.449997,95.620003,96.040001
12/7/2016,96.919998,97.620003,96.739998,97.290001
13/7/2016,97.639999,98,97.260002,97.410004
14/7/2016,98.290001,98.389999,97.5,98.120003
15/7/2016,98.139999,98.260002,97.699997,98.089996
18/7/2016,99.330002,99.709999,99.050003,99.529999
19/7/2016,99.370003,99.459999,98.879997,99.190002
20/7/2016,99.75,101.010002,99.43,100.760002
21/7/2016,100.860001,100.919998,99.639999,100.050003
22/7/2016,99.709999,100.610001,99.099998,100.550003
25/7/2016,100.529999,101.32,100.529999,101.129997
26/7/2016,102.099998,105.519997,102.099998,105.050003
27/7/2016,105.989998,106.029999,104.43,105.040001
28/7/2016,104.57,105.160004,104,104.459999
29/7/2016,104.440002,104.779999,103.529999,104
1/8/2016,104.230003,104.459999,103.720001,104.080002
2/8/2016,103.889999,103.889999,101.860001,102.480003
3/8/2016,101.93,102.629997,101.910004,102.610001
4/8/2016,102.870003,103.610001,102.68,103.57
5/8/2016,104.18,105,104.029999,104.889999
8/8/2016,105.25,105.5,104.580002,104.769997
9/8/2016,105.349998,105.959999,105.169998,105.620003
10/8/2016,105.709999,105.830002,104.459999,104.900002
11/8/2016,105.349998,105.440002,104.75,105.300003
12/8/2016,105.5,106.019997,105.389999,105.790001
15/8/2016,106.010002,107.489998,106.010002,107.230003
16/8/2016,107.059998,107.059998,106.360001,106.480003
17/8/2016,106.519997,106.540001,105.889999,106.459999
18/8/2016,106.489998,107.239998,106.400002,107.230003
19/8/2016,107.330002,108.410004,107.330002,108.150002
22/8/2016,107.980003,108.459999,107.739998,108.199997
23/8/2016,108.68,109.209999,108.68,108.730003
24/8/2016,108.879997,108.970001,107.550003,107.830002
25/8/2016,107.5,108.769997,107.5,108.269997
26/8/2016,108.449997,109.57,108.019997,108.75
29/8/2016,109.209999,109.599998,109.050003,109.18
30/8/2016,109.199997,109.800003,108.580002,108.970001
31/8/2016,108.940002,109.059998,108.290001,108.900002
1/9/2016,109.209999,109.839996,108.349998,109.760002
2/9/2016,110.25,110.330002,109.150002,109.650002
6/9/2016,109.839996,109.989998,108.839996,109.400002
7/9/2016,109.559998,109.580002,108.370003,108.57
8/9/2016,108.220001,108.669998,107.739998,108.379997
9/9/2016,107.529999,107.529999,104.209999,104.529999
12/9/2016,103.68,106.599998,103.330002,106.480003
13/9/2016,105.949997,106.849998,105.010002,105.540001
14/9/2016,105.269997,106.730003,105.129997,106.470001
15/9/2016,106.419998,109.129997,106.279999,108.93
16/9/2016,109.730003,110.07,108.129997,108.959999
19/9/2016,109.639999,110.690002,108.730003,109.089996
20/9/2016,109.720001,109.790001,108.330002,108.599998
21/9/2016,109.139999,110.269997,108.669998,110.099998
22/9/2016,110.82,111.150002,110.139999,110.459999
23/9/2016,110.300003,110.349998,109.190002,109.330002
26/9/2016,108.099998,108.459999,107.349998,107.800003
27/9/2016,107.550003,109.68,107.489998,109.660004
28/9/2016,110.059998,110.440002,109.209999,109.879997
29/9/2016,109.93,111.919998,108.730003,111.230003
30/9/2016,111.889999,113.720001,111.889999,112.989998
3/10/2016,113.260002,113.75,112.010002,112.230003
4/10/2016,112.699997,113.050003,111.510002,111.940002
5/10/2016,112.300003,113.550003,112.029999,112.760002
6/10/2016,112.68,113.510002,111.980003,113.419998
7/10/2016,113.599998,113.599998,112.230003,113.25
10/10/2016,113.779999,114.209999,112.639999,112.68
11/10/2016,112.540001,112.540001,109.349998,110.32
12/10/2016,110.25,110.279999,108.970001,109.949997
13/10/2016,108.970001,108.970001,106.900002,108.650002
14/10/2016,109.639999,110.75,109.370003,109.470001
17/10/2016,109.360001,109.949997,108.839996,108.900002
18/10/2016,110.239998,110.610001,109.949997,110.160004
19/10/2016,109.199997,109.839996,108.660004,109.699997
20/10/2016,109.5,110.870003,108.830002,110.470001
21/10/2016,109.589996,110.300003,109.150002,110.190002
24/10/2016,110.769997,112.279999,110.769997,112.209999
25/10/2016,112.269997,112.610001,111.900002,112.110001
26/10/2016,111.25,112.610001,111.160004,111.949997
27/10/2016,113.040001,113.300003,111.279999,111.43
28/10/2016,111.879997,112.550003,110.639999,110.760002
31/10/2016,111.150002,111.889999,111.150002,111.360001
1/11/2016,111.379997,112.260002,109.160004,110.370003
2/11/2016,110.440002,111.050003,109.279999,109.639999
3/11/2016,109.690002,110.410004,109.050003,109.449997
4/11/2016,108.809998,109.720001,108,108.760002
7/11/2016,110.779999,111.889999,110.339996,111.82
8/11/2016,111.790001,112.769997,111.160004,112.050003
9/11/2016,109.540001,111.879997,109,111.519997
10/11/2016,112.169998,112.900002,108.099998,109.110001
11/11/2016,110.349998,113.470001,110.349998,113.290001
14/11/2016,113.849998,113.860001,112.400002,112.699997
15/11/2016,113.160004,115.110001,112.889999,114.809998
16/11/2016,114.610001,116.230003,114.580002,116.129997
17/11/2016,116.57,117.959999,115.870003,117.379997
18/11/2016,117.029999,118.379997,117.029999,118.230003
21/11/2016,118.589996,119.199997,118.18,119.019997
22/11/2016,119.650002,120.400002,119.540001,120.290001
23/11/2016,120.339996,120.690002,119.699997,120.440002
25/11/2016,120.660004,120.709999,120.129997,120.650002
28/11/2016,120.360001,120.839996,120.089996,120.290001
29/11/2016,120.199997,120.779999,119.5,120.07
30/11/2016,120.010002,120.32,119.330002,119.379997
1/12/2016,119.290001,119.290001,112.870003,113.550003
2/12/2016,113.389999,115.150002,113,114.949997
5/12/2016,115.949997,116.720001,115.190002,116.349998
6/12/2016,116.68,118.089996,116.68,117.959999
7/12/2016,117.889999,120.68,117.5,120.389999
8/12/2016,120.709999,122.150002,120.559998,121.440002
9/12/2016,122.419998,122.669998,120.18,121.029999
12/12/2016,120.550003,120.760002,119.120003,120.080002
13/12/2016,120.5,122.269997,120.339996,121.480003
14/12/2016,121.529999,122.150002,120.949997,121.370003
15/12/2016,121.870003,123.970001,121.660004,123.440002
16/12/2016,124.169998,124.419998,121.639999,122.190002
19/12/2016,122.510002,123.870003,122.360001,123.400002
20/12/2016,124.639999,124.82,124.040001,124.580002
21/12/2016,124.550003,124.849998,124.089996,124.290001
22/12/2016,125.660004,125.690002,124.419998,124.889999
23/12/2016,124.769997,125.599998,124.559998,125.529999
27/12/2016,125.779999,127.269997,125.720001,127.080002
28/12/2016,127.809998,127.910004,124.599998,124.669998
29/12/2016,124.099998,124.650002,123.339996,124.650002
30/12/2016,125.099998,125.660004,122.32,122.720001
3/1/2017,123.139999,124.480003,121.669998,122.720001
4/1/2017,123.330002,123.660004,122.489998,123.059998
5/1/2017,123.129997,123.779999,121.779999,122.010002
6/1/2017,122.309998,123.330002,121.540001,122.980003
9/1/2017,123.410004,124.779999,123.330002,124.279999
10/1/2017,124.370003,125.169998,124.199997,124.879997
11/1/2017,125.010002,125.330002,124.400002,125.309998
12/1/2017,124.629997,124.949997,122.379997,124.260002
13/1/2017,124.440002,125.370003,124.290001,125.07
17/1/2017,124.610001,124.690002,122.650002,123.059998
18/1/2017,123.209999,124.830002,123.089996,124.739998
19/1/2017,124.550003,125.580002,124.099998,124.18
20/1/2017,125.440002,126.550003,125.290001,125.779999
23/1/2017,125.309998,125.580002,124.040001,125.010002
24/1/2017,125.540001,127.669998,125.370003,127.43
25/1/2017,129.149994,129.619995,128.130005,129.320007
26/1/2017,129.570007,129.570007,128.029999,128.589996
27/1/2017,129.25,130.229996,129.25,130.190002
30/1/2017,129.600006,129.600006,127.919998,129.539993
31/1/2017,128.800003,128.880005,127.07,127.860001
1/2/2017,129.240005,129.949997,128.589996,129.889999
2/2/2017,129,130.229996,128.380005,129.830002
3/2/2017,130.559998,130.740005,130.059998,130.5
6/2/2017,130.759995,131.059998,129.940002,130.960007
7/2/2017,131.720001,131.929993,130.759995,131.440002
8/2/2017,131.830002,132.199997,131,131.690002
9/2/2017,131.619995,132.050003,130.380005,130.539993
10/2/2017,131.419998,131.429993,129.190002,130.460007
13/2/2017,130.820007,131.600006,130.529999,130.729996
14/2/2017,130.779999,130.779999,129.559998,130.369995
15/2/2017,130.740005,131.509995,130.070007,131.380005
16/2/2017,131.520004,131.809998,130.75,131.589996
17/2/2017,130.919998,132.289993,130.479996,132.270004
21/2/2017,132.720001,134.190002,132.720001,134.139999
22/2/2017,133.880005,134.339996,133.630005,134.169998
23/2/2017,134.009995,134.020004,131.119995,131.990005
24/2/2017,129.880005,131.919998,129.399994,131.899994
27/2/2017,131.970001,133.210007,131.679993,133.160004
28/2/2017,133.399994,133.399994,131.190002,131.460007
1/3/2017,133.039993,133.690002,131.759995,133.509995
2/3/2017,133.820007,134.149994,132,132.139999
3/3/2017,132.289993,132.389999,131.300003,132.070007
6/3/2017,131.699997,132.369995,130.610001,132.139999
7/3/2017,131.910004,133.300003,131.509995,132.429993
8/3/2017,132.970001,133.839996,132.470001,132.740005
9/3/2017,132.660004,133.220001,131.940002,133
10/3/2017,133.789993,134.800003,133.789993,134.520004
13/3/2017,134.929993,135.580002,134.669998,135.529999
14/3/2017,135.169998,135.270004,134.020004,135.130005
15/3/2017,135.300003,136.449997,134.649994,136.199997
16/3/2017,136.639999,136.669998,135.800003,136.059998
17/3/2017,136.529999,136.529999,135.910004,136.339996
20/3/2017,136.690002,137.820007,136.220001,137.350006
21/3/2017,137.699997,137.960007,133.869995,134.130005
22/3/2017,134.259995,135.699997,133.789993,135.550003
23/3/2017,135.529999,135.839996,134.860001,135.25
24/3/2017,136.610001,137.570007,135.360001,135.880005
27/3/2017,134.580002,136.399994,134.020004,136.080002
28/3/2017,136.350006,137.039993,135.690002,136.509995
29/3/2017,136.570007,136.570007,135.770004,136.179993
30/3/2017,136.25,137.179993,136.039993,136.880005
31/3/2017,137.020004,137.570007,136.449997,136.889999
3/4/2017,136.949997,137.279999,135.139999,136.020004
4/4/2017,135.169998,136.220001,134.949997,135.339996
5/4/2017,135.729996,136.649994,134.309998,134.399994
6/4/2017,134.309998,134.910004,133.240005,134.610001
7/4/2017,134.660004,135.600006,134.279999,135.190002
10/4/2017,135.199997,135.330002,133.830002,134.149994
11/4/2017,133.490005,133.529999,131.089996,133.070007
12/4/2017,132.699997,132.880005,130.470001,130.779999
13/4/2017,130,131.880005,129.860001,129.910004
17/4/2017,130.419998,131.600006,130.419998,131.529999
18/4/2017,130.800003,132.220001,130.710007,132.139999
19/4/2017,133.220001,134.039993,132.630005,132.830002
20/4/2017,133.809998,135.169998,133.149994,134.929993
21/4/2017,134.490005,134.630005,133.229996,134.360001
24/4/2017,136.330002,136.729996,135.800003,136.289993
25/4/2017,136.949997,137.889999,136.619995,137.679993
26/4/2017,137.490005,137.75,136.039993,136.550003
27/4/2017,137.529999,138.660004,137.259995,138.470001
28/4/2017,138.139999,138.139999,135.75,136.110001
1/5/2017,136.440002,137.5,135.759995,137.460007
2/5/2017,137.100006,137.100006,135.309998,136.009995
3/5/2017,135.289993,136.679993,135.25,136.479996
4/5/2017,136.949997,136.949997,135.800003,136.380005
5/5/2017,136.740005,136.919998,135.639999,136.919998
8/5/2017,136.850006,137.100006,136.119995,136.380005
9/5/2017,136.570007,138.130005,136.380005,137.729996
10/5/2017,139.429993,140.910004,139.389999,140.649994
11/5/2017,140.539993,141.809998,139.399994,141.160004
12/5/2017,141.350006,141.729996,140.75,141.559998
15/5/2017,142.160004,143.839996,141.75,143.75
16/5/2017,144.419998,145.869995,143.75,145.809998
17/5/2017,144.100006,144.389999,139.399994,139.520004
18/5/2017,139.580002,142.520004,139.160004,142.119995
19/5/2017,143.449997,144.190002,143.320007,143.690002
22/5/2017,144.619995,145.320007,144.289993,145.259995
23/5/2017,145.389999,145.399994,143.570007,144.679993
24/5/2017,145.649994,145.889999,144.949997,145.619995
25/5/2017,146.059998,146.880005,145.419998,146.360001
26/5/2017,146.240005,147.100006,145.399994,147.029999
30/5/2017,147.020004,148.369995,146.850006,148.009995
31/5/2017,149.070007,149.369995,147.279999,147.990005
1/6/2017,148.559998,148.559998,147.300003,148.139999
2/6/2017,149.080002,149.830002,147.960007,149.649994
5/6/2017,149.600006,150.809998,149.539993,150.009995
6/6/2017,149.449997,151.529999,149.229996,150.5
7/6/2017,151.25,152.220001,150.850006,151.619995
8/6/2017,152.850006,154.449997,151.529999,154.389999
9/6/2017,155.520004,155.949997,144.910004,147.899994
12/6/2017,146.050003,147.589996,142.809998,147.050003
13/6/2017,149.289993,149.5,146.240005,148.050003
14/6/2017,148.660004,148.660004,144.869995,146.5
15/6/2017,144.050003,145.789993,143.860001,145.339996
16/6/2017,145.720001,146.429993,144.309998,144.759995
19/6/2017,146.360001,147.75,146.240005,147.509995
20/6/2017,148.289993,148.470001,145.820007,145.850006
21/6/2017,146.529999,147.580002,145.940002,147.539993
22/6/2017,147.5,147.860001,146.5,147.199997
23/6/2017,147.449997,148.470001,146.759995,147.639999
26/6/2017,148.479996,149.279999,145.589996,146.369995
27/6/2017,145.490005,145.490005,142.050003,142.110001
28/6/2017,142.929993,144.729996,141.559998,144.570007
29/6/2017,143.990005,143.990005,139.039993,140.970001
30/6/2017,141.410004,142.149994,139.589996,140.199997
3/7/2017,141.330002,141.520004,138.229996,138.279999
5/7/2017,138.729996,141.330002,138.729996,141.110001
6/7/2017,139.800003,141.699997,139.139999,140.490005
7/7/2017,141.169998,143.429993,141.169998,142.860001
10/7/2017,143.410004,144.880005,142.509995,144.509995
11/7/2017,144.130005,145.770004,144.039993,145.710007
12/7/2017,147.169998,148.360001,146.649994,148.039993
13/7/2017,148.199997,149.160004,147.139999,147.580002
14/7/2017,148.389999,149.639999,148.039993,149.559998
17/7/2017,150.070007,150.119995,148.449997,148.949997
18/7/2017,148.059998,149.440002,147.509995,149.410004
19/7/2017,150.270004,150.830002,149.759995,150.789993
20/7/2017,150.850006,151.429993,149.600006,151.229996
21/7/2017,150.240005,150.240005,149.199997,149.940002
24/7/2017,150.160004,150.160004,149.190002,149.490005
25/7/2017,149.179993,149.720001,147.820007,149.360001
26/7/2017,150.690002,151.649994,150.149994,151
27/7/2017,151.449997,151.649994,146.929993,148.699997
28/7/2017,148.020004,148.740005,147.399994,148.130005
31/7/2017,148.149994,148.919998,146.570007,146.979996
1/8/2017,147.419998,147.899994,146.699997,147.889999
2/8/2017,148.740005,149.059998,145.800003,146.820007
3/8/2017,146.729996,147.199997,145.550003,146.270004
4/8/2017,146.369995,147.509995,145.899994,146.330002
7/8/2017,146.710007,148.919998,146.710007,148.850006
8/8/2017,148.979996,150.160004,147.940002,148.419998
9/8/2017,147.25,148.059998,146.589996,147.919998
10/8/2017,146.979996,147.029999,143.669998,143.789993
11/8/2017,143.119995,144.850006,142.779999,144.600006
14/8/2017,146.350006,148.449997,146.330002,148.279999
15/8/2017,148.929993,148.949997,147.600006,148.649994
16/8/2017,148.960007,149.520004,148.179993,148.889999
17/8/2017,148.179993,148.570007,145.050003,145.130005
18/8/2017,145.990005,146.429993,144.630005,145.350006
21/8/2017,145.559998,145.800003,143.369995,144.270004
22/8/2017,145.539993,146.940002,145.350006,146.649994
23/8/2017,145.270004,147.690002,145.119995,147.270004
24/8/2017,147.880005,148.089996,146.470001,147.289993
25/8/2017,147.839996,148.100006,146.350006,146.580002
28/8/2017,146.789993,147.059998,146.220001,147.020004
29/8/2017,145.169998,147.630005,145.119995,147.25
30/8/2017,148.039993,150,147.520004,149.770004
31/8/2017,150.279999,151.449997,150.050003,151.25
1/9/2017,151.520004,152.699997,151.520004,151.910004
5/9/2017,151.369995,151.559998,148.550003,149.830002
6/9/2017,150.669998,150.759995,149.360001,150.070007
7/9/2017,150.360001,150.919998,149.679993,150.330002
8/9/2017,150.229996,150.339996,148.009995,148.559998
11/9/2017,149.710007,151.740005,149.710007,151.389999
12/9/2017,151.580002,152.509995,151.229996,152.070007
13/9/2017,152,152.720001,151.240005,152.369995
14/9/2017,151.729996,153.869995,151.710007,152.970001
15/9/2017,153.690002,155.809998,153.380005,155.639999
18/9/2017,156.550003,158.639999,156.550003,157.679993
19/9/2017,158.050003,158.789993,157.199997,158.179993
20/9/2017,158.360001,158.360001,153.889999,156
21/9/2017,155.710007,155.889999,153.979996,155.330002
22/9/2017,154.919998,156.320007,154.889999,156.119995
25/9/2017,155.559998,155.559998,152.389999,153.110001
26/9/2017,154.190002,154.190002,151.929993,152.369995
27/9/2017,154.210007,156.690002,154.009995,156.059998
28/9/2017,155.899994,157.300003,155.5,157.210007
29/9/2017,157.839996,158.779999,157.039993,158.570007
2/10/2017,159.279999,160.259995,158.429993,159.630005
3/10/2017,159.820007,160.449997,159.289993,160.070007
4/10/2017,159.869995,160.440002,158.940002,160.440002
5/10/2017,161.119995,161.139999,159.649994,160.580002
6/10/2017,160,161.259995,159.990005,161.210007
9/10/2017,161.839996,162.580002,161.660004,162.440002
10/10/2017,163.899994,163.899994,161.720001,163.350006
11/10/2017,163.25,164.509995,163.029999,164.470001
12/10/2017,164.410004,165.029999,163.820007,163.949997
13/10/2017,164.720001,165.580002,164.289993,165
16/10/2017,165.5,165.809998,164.669998,165.779999
17/10/2017,165.860001,165.860001,164.839996,165.639999
18/10/2017,166.25,166.5,164.020004,166.199997
19/10/2017,164.919998,165.800003,163.229996,165.779999
20/10/2017,167.080002,167.449997,166.380005,166.630005
23/10/2017,167.440002,168.339996,166.649994,167.449997
24/10/2017,167.919998,168.779999,167.289993,168.619995
25/10/2017,167.690002,168.139999,164.710007,166.410004
26/10/2017,166.699997,167.740005,166.479996,167.389999
27/10/2017,168.509995,171.119995,167.779999,170.889999
30/10/2017,170.350006,172.070007,170.350006,171.350006
31/10/2017,171.779999,173.220001,171.309998,172.720001
1/11/2017,174.119995,174.240005,170.580002,172.089996
2/11/2017,172.419998,173.389999,171.089996,172.940002
3/11/2017,173.779999,176.009995,172.350006,176
6/11/2017,177.710007,178.570007,176.440002,178.490005
7/11/2017,178.289993,178.75,177.110001,178.330002
8/11/2017,178.160004,179.050003,177.460007,178.899994
9/11/2017,177.350006,177.350006,173.169998,175.320007
10/11/2017,175.929993,176.589996,175.429993,176.479996
13/11/2017,175.800003,177.190002,175.550003,176.990005
14/11/2017,176.660004,177.330002,175.529999,176.830002
15/11/2017,175.580002,175.979996,173.820007,175.240005
16/11/2017,175.970001,178.580002,175.970001,177.850006
17/11/2017,178.899994,178.919998,176.770004,177.070007
20/11/2017,178.070007,179.470001,177.610001,179.179993
21/11/2017,180.360001,181.460007,180.009995,181.229996
22/11/2017,181.869995,181.880005,179.860001,180.130005
24/11/2017,180.899994,181.869995,180.649994,181.75
27/11/2017,180.649994,180.649994,179.169998,179.470001
28/11/2017,180.179993,180.179993,178.449997,179.550003
29/11/2017,179.350006,179.399994,169.899994,171.639999
30/11/2017,173.529999,174.350006,171.490005,172.559998
1/12/2017,170.929993,171.710007,166.509995,170.690002
4/12/2017,172.720001,172.929993,165.550003,166.589996
5/12/2017,165.75,169.759995,164.539993,166.720001
6/12/2017,165.080002,167.559998,164.380005,167.259995
7/12/2017,168.490005,169.410004,167.800003,168.889999
8/12/2017,170.820007,170.899994,167.869995,168.020004
11/12/2017,168.289993,169.470001,167.820007,169.029999
12/12/2017,168.669998,168.669998,167.149994,167.380005
13/12/2017,167.960007,168.830002,167.25,167.350006
14/12/2017,167.460007,168.289993,166.770004,167.179993
15/12/2017,168.050003,170.240005,167.130005,169.800003
18/12/2017,171.880005,173.529999,171,173.440002
19/12/2017,173.100006,173.580002,172.050003,172.940002
20/12/2017,174.759995,174.970001,172.710007,174.199997
21/12/2017,174.770004,174.770004,172.110001,172.360001
22/12/2017,171.759995,172.350006,171.100006,172.259995
26/12/2017,170.089996,170.699997,169.110001,170.539993
27/12/2017,170.550003,171.960007,170.330002,171.089996
28/12/2017,171.630005,172,171.270004,171.570007
29/12/2017,171.850006,171.850006,169.800003,169.809998
2/1/2018,170.729996,174.490005,170.520004,174.419998
3/1/2018,175.369995,177.520004,174.970001,177.470001
4/1/2018,178.779999,179.070007,177.039993,178.470001
5/1/2018,179.270004,180.229996,178.229996,179.490005
8/1/2018,179.610001,181.460007,179.050003,180.899994
9/1/2018,181.380005,181.380005,178.919998,179.119995
10/1/2018,177.089996,177.820007,175.550003,176.970001
11/1/2018,177.539993,178.119995,176.809998,178.029999
12/1/2018,178.220001,179.369995,177.559998,178.990005
16/1/2018,180.509995,181.690002,178.529999,179.580002
17/1/2018,181.259995,185.039993,181.070007,184.789993
18/1/2018,184.729996,186.529999,184.509995,185.619995
19/1/2018,186.460007,186.75,184.710007,185.809998
22/1/2018,186.160004,187.240005,185.270004,187.190002
23/1/2018,188.080002,188.710007,187.389999,188.690002
24/1/2018,186.740005,187.380005,183.059998,184.369995
25/1/2018,186.380005,186.850006,181.169998,181.169998
26/1/2018,183.619995,186.990005,183.529999,186.960007
29/1/2018,186.279999,188,184.479996,186.690002
30/1/2018,184,185.070007,182.740005,182.979996
31/1/2018,185.130005,185.789993,183.449997,184.470001
1/2/2018,183,186.270004,182.720001,183.559998
2/2/2018,182.050003,182.190002,178.529999,178.619995
5/2/2018,175.970001,179.919998,169.710007,170.210007
6/2/2018,167.600006,176.580002,167.210007,176.369995
7/2/2018,175.220001,176.789993,172.559998,172.589996
8/2/2018,173.399994,173.880005,165.199997,165.339996
9/2/2018,169.100006,171.300003,163.179993,170.100006
12/2/2018,172.360001,174.5,170.759995,173.369995
13/2/2018,172.279999,173.529999,171.710007,173.169998
14/2/2018,171.820007,177.5,171.479996,177.229996
15/2/2018,178.899994,179.369995,175.179993,179.339996
16/2/2018,178.449997,180.940002,178.449997,178.699997
20/2/2018,178.139999,183.5,177.960007,181.860001
21/2/2018,182.860001,183,179.649994,179.770004
22/2/2018,180.809998,181.240005,178.779999,179.369995
23/2/2018,181.279999,183.210007,180.699997,183.210007
26/2/2018,184.300003,187.199997,184.279999,187.160004
27/2/2018,187.240005,189.720001,186.539993,186.539993
28/2/2018,187.850006,188.220001,184.699997,184.880005
1/3/2018,185.529999,185.649994,179.839996,181.960007
2/3/2018,179.899994,185.389999,179.479996,185.050003
5/3/2018,184.059998,187.610001,183.229996,186.710007
6/3/2018,188.490005,190.039993,187.5,189.520004
7/3/2018,187.550003,190.369995,187.550003,190.130005
8/3/2018,191.25,191.360001,189.25,190.300003
9/3/2018,191.830002,194.330002,191.380005,194.25
12/3/2018,195.679993,197.309998,195.059998,196.309998
13/3/2018,195.679993,197.309998,192.440002,193.279999
14/3/2018,194.350006,194.350006,191.490005,193.259995
15/3/2018,193.770004,194.369995,192.110001,193.110001
16/3/2018,193.380005,194.179993,192.820007,193.029999
19/3/2018,191.289993,192.190002,186.669998,189.350006
20/3/2018,189.75,191.360001,189.5,190.740005
21/3/2018,190.520004,193.559998,190.279999,191.100006
22/3/2018,187.779999,189.729996,185.539993,185.699997
23/3/2018,185.369995,185.699997,179.449997,179.520004
26/3/2018,183.729996,187.059998,181.389999,187.009995
27/3/2018,188.449997,188.979996,178.600006,180.130005
28/3/2018,178.889999,180.529999,175.449997,176.229996
29/3/2018,177.419998,181.759995,176.130005,180.050003
2/4/2018,178.479996,179.800003,171.460007,173.169998
3/4/2018,175.330002,176.929993,173.429993,176.449997
4/4/2018,171.369995,179.190002,171.320007,178.720001
5/4/2018,179.839996,180.070007,175.740005,176.889999
6/4/2018,174.470001,176.380005,170.770004,171.539993
9/4/2018,173.559998,177.610001,172.520004,172.619995
10/4/2018,176.580002,179.179993,175.460007,178.139999
11/4/2018,177.149994,179.779999,176.830002,178.210007
12/4/2018,179.630005,182.059998,179.470001,181.570007
13/4/2018,183.690002,184.009995,179.580002,180.229996
16/4/2018,181.300003,181.520004,179.050003,180.550003
17/4/2018,181.979996,184.399994,181.610001,183.970001
18/4/2018,182.789993,183.199997,180.539993,182.160004
19/4/2018,178.660004,178.860001,173.669998,174.279999
20/4/2018,174.240005,175.130005,171.460007,172.220001
23/4/2018,172.869995,173.259995,169.5,169.929993
24/4/2018,171.410004,172.979996,167.070007,168.559998
25/4/2018,169.309998,169.559998,165.690002,168.350006
26/4/2018,171.009995,171.960007,169.929993,171.789993
27/4/2018,173.970001,174.149994,169.740005,170.589996
30/4/2018,170.300003,171.589996,167.990005,168.720001
1/5/2018,168.300003,171.679993,168.100006,171.490005
2/5/2018,171.660004,172.199997,170.009995,170.729996
3/5/2018,169.389999,172.5,168.100006,171.75
4/5/2018,170.820007,176.089996,170.039993,175.779999
7/5/2018,177.220001,178.309998,176.580002,177.479996
8/5/2018,177.369995,178.779999,176.679993,178.529999
9/5/2018,179.190002,181.380005,178.789993,181.25
10/5/2018,182.270004,184.630005,182.160004,184.550003
11/5/2018,183.5,184.910004,182.869995,183.199997
14/5/2018,185.490005,187.669998,185.110001,185.440002
15/5/2018,184.220001,184.740005,182.110001,183.429993
16/5/2018,184.880005,186.190002,183.320007,185.789993
17/5/2018,185.360001,186.759995,183.860001,185.25
18/5/2018,183.600006,183.860001,181.949997,182.600006
21/5/2018,185.289993,186.25,182.809998,184.429993
22/5/2018,186,186.869995,184.830002,185.460007
23/5/2018,184.020004,186.520004,183.25,186.460007
24/5/2018,186.589996,187.610001,184.889999,187.210007
25/5/2018,187.199997,188.990005,186.899994,188.720001
29/5/2018,187.919998,189.160004,186.279999,187.580002
30/5/2018,188.600006,190.210007,187.869995,188.800003
31/5/2018,188.490005,189.350006,187.130005,187.429993
1/6/2018,189.110001,191.699997,188.440002,191.699997
4/6/2018,192.210007,193.440002,191.479996,193.220001
5/6/2018,193.729996,194.660004,193,194.139999
6/6/2018,194.369995,195.369995,193.330002,195.369995
7/6/2018,195.559998,195.779999,192.240005,193.630005
8/6/2018,191.419998,192.270004,190.360001,191.899994
11/6/2018,191.610001,192.5,190.899994,191.529999
12/6/2018,192.020004,192.649994,190.800003,192.520004
13/6/2018,192.639999,194.270004,192.020004,192.229996
14/6/2018,193.339996,194.309998,192.220001,193.380005
15/6/2018,192.130005,193.440002,191.449997,193.210007
18/6/2018,191.979996,191.979996,189.580002,191.350006
19/6/2018,188.490005,189.389999,186.369995,189.25
20/6/2018,190.330002,191.130005,189.289993,190.160004
21/6/2018,191.440002,191.520004,187.520004,187.800003
22/6/2018,188.710007,188.830002,185.949997,186.309998
25/6/2018,184.309998,184.309998,178.509995,180.830002
26/6/2018,180.800003,181.75,179.949997,180.850006
27/6/2018,181.809998,182.229996,176.440002,176.529999
28/6/2018,176,178.270004,175.770004,177.869995
29/6/2018,179.5,180.410004,178.240005,178.240005
2/7/2018,176.699997,179.399994,175.339996,179.360001
3/7/2018,180.119995,180.380005,175.919998,176.089996
5/7/2018,177.660004,180.830002,177.660004,180.800003
6/7/2018,180.789993,183.320007,179.820007,183.020004
9/7/2018,184.860001,184.910004,182.039993,184.190002
10/7/2018,184.529999,186.529999,184.25,186.139999
11/7/2018,183.139999,184.229996,181.210007,181.360001
12/7/2018,180.889999,182.830002,179.759995,182.580002
13/7/2018,183.100006,183.100006,181.649994,181.919998
16/7/2018,182.179993,182.889999,181.520004,181.669998
17/7/2018,180.449997,184.339996,180.160004,184.279999
18/7/2018,185.110001,186.020004,184.5,185.699997
19/7/2018,185.339996,186.039993,184.080002,185.289993
20/7/2018,185.100006,185.449997,183.479996,184.419998
23/7/2018,183.470001,184.979996,181.089996,184.669998
24/7/2018,185.820007,186.720001,182.399994,182.660004
25/7/2018,182.580002,183.509995,180.240005,183.350006
26/7/2018,184.570007,187.050003,184.570007,186.929993
27/7/2018,187.059998,188.740005,184.729996,186.100006
30/7/2018,186.020004,186.529999,183.369995,184.279999
31/7/2018,185.509995,188.089996,185.169998,185.5
1/8/2018,185.679993,187.169998,184.429993,185.229996
2/8/2018,183.559998,187.289993,182.899994,187.050003
3/8/2018,187.169998,187.610001,186.289993,187.440002
6/8/2018,187.080002,188.600006,186.070007,188.570007
7/8/2018,189.479996,190.190002,188.75,190.070007
8/8/2018,190.100006,190.899994,189.350006,190.509995
9/8/2018,189.660004,189.929993,188.589996,188.630005
10/8/2018,184.720001,185.529999,183.080002,183.949997
13/8/2018,184.279999,185.820007,184,184.220001
14/8/2018,185.300003,185.589996,183.699997,183.850006
15/8/2018,182.270004,183.029999,179.429993,181.300003
16/8/2018,182.5,182.75,180.580002,181.070007
17/8/2018,179.460007,180.199997,177.039993,179.720001
20/8/2018,179.970001,180.619995,177.539993,179.559998
21/8/2018,180.130005,183.539993,180.089996,183.059998
22/8/2018,182.679993,184.160004,181.559998,183.919998
23/8/2018,183.830002,185.490005,183.830002,184.130005
24/8/2018,184.949997,186.899994,184.919998,186.800003
27/8/2018,188.320007,191.179993,187.910004,189.770004
28/8/2018,190.779999,191.320007,188.660004,190.5
29/8/2018,190.5,191.589996,189.830002,191
30/8/2018,190.559998,191.279999,189.029999,189.289993
31/8/2018,189.020004,190.610001,189.020004,190.320007
4/9/2018,189.630005,191.929993,189.220001,191.850006
5/9/2018,191.669998,192.190002,189.309998,190.919998
6/9/2018,190.199997,190.360001,185.660004,185.860001
7/9/2018,185.509995,187.779999,184.649994,185.089996
10/9/2018,186.410004,187.100006,185.320007,187.050003
11/9/2018,186.300003,186.550003,184.25,185.240005
12/9/2018,182.850006,183.179993,179.100006,183.100006
13/9/2018,185.119995,187.509995,184.520004,185.190002
14/9/2018,186.259995,188.009995,185.720001,187.270004
17/9/2018,186.580002,187.070007,184.429993,184.660004
18/9/2018,185.410004,187.380005,185.410004,186.25
19/9/2018,186.320007,187.429993,185.759995,186.539993
20/9/2018,188.009995,189.520004,187.740005,188.800003
21/9/2018,188.979996,189.679993,187.800003,188.289993
24/9/2018,186.770004,189.029999,186.380005,188.940002
25/9/2018,188.479996,188.479996,185.429993,185.929993
26/9/2018,184.25,185.360001,183,183.199997
27/9/2018,183.789993,184.619995,183.25,183.889999
28/9/2018,183.679993,185.699997,183.130005,185.050003
1/10/2018,186,187.210007,185.25,185.690002
2/10/2018,185.199997,188.25,185.199997,185.690002
3/10/2018,186.5,187.160004,184.199997,185.860001
4/10/2018,184.580002,184.889999,180.990005,182.570007
5/10/2018,182.619995,182.800003,176.589996,178.25
8/10/2018,176.800003,178.399994,174.740005,176.259995
9/10/2018,175.289993,176.949997,174.970001,176.059998
10/10/2018,173.770004,173.880005,168.149994,168.289993
11/10/2018,167.979996,171.639999,165.309998,166.610001
12/10/2018,171.110001,172.070007,167.169998,169.639999
15/10/2018,168.910004,170.130005,167.639999,168.25
16/10/2018,170.119995,173.970001,169.929993,173.729996
17/10/2018,175,175.339996,171.839996,173.039993
18/10/2018,172.330002,172.339996,168.080002,168.710007
19/10/2018,169.75,170.720001,165.470001,166.179993
22/10/2018,167.050003,168.179993,165.649994,167.199997
23/10/2018,162.830002,167.25,161.020004,166.330002
24/10/2018,163.550003,163.550003,155.139999,155.419998
25/10/2018,156.309998,160.100006,156.070007,158.889999
26/10/2018,155.429993,158.880005,153.589996,156.130005
29/10/2018,159.289993,160.020004,151.580002,154.5
30/10/2018,154.050003,161.080002,154.050003,160.919998
31/10/2018,163.419998,164.220001,161.520004,162.960007
1/11/2018,164.130005,171,164.009995,170.610001
2/11/2018,169.860001,170.770004,165.960007,168.039993
5/11/2018,167.779999,167.800003,163.710007,166.509995
6/11/2018,166.149994,169.100006,166.149994,168.449997
7/11/2018,170.669998,170.919998,168.5,170.360001
8/11/2018,169.020004,171.009995,168.25,169.899994
9/11/2018,167.970001,168.130005,165.210007,166.660004
12/11/2018,163.820007,164.149994,158.710007,159.220001
13/11/2018,160.539993,164.619995,160.539993,161.410004
14/11/2018,162.919998,164.460007,160.570007,162.119995
15/11/2018,161.270004,168.190002,161.229996,167.600006
16/11/2018,161.520004,166.330002,161.5,165.580002
19/11/2018,164.759995,165.240005,159.089996,159.25
20/11/2018,154.699997,161.509995,154.520004,159.449997
21/11/2018,161.229996,162.470001,160.050003,160.110001
23/11/2018,158.889999,161.449997,158.789993,160.199997
26/11/2018,162.339996,163.110001,160.759995,163.100006
27/11/2018,162.220001,164.720001,161.410004,163.339996
28/11/2018,165.199997,167.229996,161.940002,167.160004
29/11/2018,166.75,167.539993,165.520004,165.940002
30/11/2018,165.830002,168.270004,164.270004,168.25
3/12/2018,173.320007,173.949997,170.979996,172.669998
4/12/2018,171.300003,171.699997,164.190002,164.410004
6/12/2018,159.809998,163.570007,158.990005,163.570007
7/12/2018,163.320007,163.570007,156.580002,157.470001
10/12/2018,156.919998,160.220001,156.520004,159.490005
11/12/2018,162.339996,164.270004,159.600006,160.509995
12/12/2018,163.130005,165.289993,161.809998,162.789993
13/12/2018,164.020004,164.809998,161.75,162.449997
14/12/2018,160.570007,163.309998,160.009995,160.149994
17/12/2018,159.580002,161.919998,156.740005,157.740005
18/12/2018,159.070007,162.300003,159.039993,159.820007
19/12/2018,158.929993,160.740005,152.360001,153.020004
20/12/2018,152.949997,155.429993,149.929993,151.960007
21/12/2018,152.929993,154.669998,148.970001,149.380005
24/12/2018,148.080002,149.740005,145,145
26/12/2018,147.399994,153.699997,144.789993,153.699997
27/12/2018,151.339996,154.729996,149.520004,154.710007
28/12/2018,155.479996,158.639999,154.580002,155.820007
31/12/2018,157.440002,158.130005,155.279999,156.910004
2/1/2019,153.699997,159.330002,153.539993,157.919998
3/1/2019,154.320007,155.289993,148.639999,148.710007
4/1/2019,151.490005,155.960007,150.949997,155.419998
7/1/2019,155.880005,159.809998,155.229996,158.289993
8/1/2019,160,160,155.580002,157.600006
9/1/2019,159.029999,162.330002,159.029999,161.649994
10/1/2019,160.050003,163.350006,159.940002,163.080002
11/1/2019,162.369995,166.179993,161.839996,164.830002
14/1/2019,162.970001,163.25,161.320007,162.149994
15/1/2019,162.580002,164.369995,161.949997,162.619995
16/1/2019,162.910004,163.880005,161.130005,161.130005
17/1/2019,160.009995,163.880005,159.119995,162.619995
18/1/2019,164.330002,167.850006,163.820007,166.850006
22/1/2019,165.240005,165.240005,160.850006,162.050003
23/1/2019,162.949997,163.610001,159.490005,160.910004
24/1/2019,164.570007,170.850006,164.509995,170.259995
25/1/2019,170.940002,174.509995,169.740005,173.789993
28/1/2019,167.470001,171.729996,166.929993,170.360001
29/1/2019,170.369995,170.919998,167.610001,167.899994
30/1/2019,170.899994,173.380005,168.960007,172.770004
31/1/2019,172.419998,174.240005,171.100006,172.690002
1/2/2019,172.889999,175.600006,172.809998,174.759995
4/2/2019,174.660004,175.660004,173.399994,175.639999
5/2/2019,175.490005,177.289993,175.179993,176.440002
6/2/2019,178.619995,182.630005,178.619995,181.190002
7/2/2019,178.970001,179.789993,175.699997,177.259995
8/2/2019,174.820007,177.320007,173.860001,176.949997
11/2/2019,177.360001,178.279999,176.410004,177.820007
12/2/2019,180.009995,182.029999,179.75,181.580002
13/2/2019,182.479996,183.570007,181.619995,182.160004
14/2/2019,181.539993,184,181.339996,182.649994
15/2/2019,184.100006,184.600006,182.600006,183.589996
19/2/2019,182.75,184.520004,182.529999,183.339996
20/2/2019,183.779999,186.059998,183.779999,184.899994
21/2/2019,184.919998,185.330002,183,183.529999
22/2/2019,184.970001,185.770004,184.25,185.5
25/2/2019,188.289993,189.229996,186.899994,187.029999
26/2/2019,186.520004,187.259995,185.279999,185.860001
27/2/2019,185.110001,185.110001,181.630005,183.630005
28/2/2019,182.850006,184.270004,182.25,183.740005
1/3/2019,185.490005,186.270004,183.449997,185.369995
4/3/2019,186.649994,187.300003,183.089996,185.389999
5/3/2019,184.889999,185.729996,183.830002,184.679993
6/3/2019,184.169998,184.610001,181.5,181.630005
7/3/2019,180.910004,180.910004,178.449997,179.669998
8/3/2019,176.559998,179.660004,175.910004,179.509995
11/3/2019,180.410004,184.570007,180.199997,183.690002
12/3/2019,184.360001,185.460007,182.779999,184.380005
13/3/2019,185.649994,186.690002,184.970001,185.119995
14/3/2019,185.220001,186.089996,184.100006,184.110001
15/3/2019,186.330002,190.929993,186.279999,189.449997
18/3/2019,189.880005,190.839996,187.940002,189.160004
19/3/2019,190.449997,192.190002,190.429993,191.610001
20/3/2019,191.199997,192.190002,188.139999,189.300003
21/3/2019,189.479996,197.139999,189.479996,195.839996
22/3/2019,195.020004,195.300003,190.160004,190.320007
25/3/2019,188.970001,190.729996,186.369995,187.940002
26/3/2019,190.580002,191.440002,188.320007,189.740005
27/3/2019,189.960007,190.589996,185.639999,187.080002
28/3/2019,187.389999,189.070007,185.449997,186.770004
29/3/2019,188.990005,189.990005,188.460007,189.539993
1/4/2019,192.330002,194.5,191.649994,194.270004
2/4/2019,194.369995,195.020004,193.399994,194.559998
3/4/2019,196.910004,200.649994,196.860001,198.860001
4/4/2019,198.610001,200.529999,198.210007,199.289993
5/4/2019,200.479996,200.820007,199.289993,200.729996
8/4/2019,199.860001,201.419998,199.429993,201.199997
9/4/2019,200.050003,200.050003,198.070007,199.110001
10/4/2019,198.880005,201.289993,198.710007,200.649994
11/4/2019,201.169998,201.940002,199.970001,200.479996
12/4/2019,202.339996,203.399994,201.720001,203.259995
15/4/2019,203.589996,203.589996,200.679993,201.75
16/4/2019,203.029999,208.389999,203.029999,208.210007
17/4/2019,212.479996,214.220001,210,211.660004
18/4/2019,212,212.289993,210.679993,211.690002
22/4/2019,211.029999,212.139999,209.75,211.529999
23/4/2019,212.710007,214.5,212.210007,213.710007
24/4/2019,213.850006,218,213.759995,215.690002
25/4/2019,214.970001,215.279999,210.130005,211.899994
26/4/2019,207.869995,210.25,205.820007,210.149994
29/4/2019,210.25,210.679993,208.899994,209.899994
30/4/2019,209.419998,211.919998,209.419998,211.559998
1/5/2019,213.309998,214.580002,209.639999,209.869995
2/5/2019,209.75,214.220001,209.259995,211.889999
3/5/2019,213.169998,213.600006,210.990005,213.550003
6/5/2019,206.110001,210.139999,205.660004,210.070007
7/5/2019,207.289993,207.770004,202.570007,204.899994
8/5/2019,203.210007,206.339996,202.759995,203.149994
9/5/2019,200,201.809998,196.350006,200.910004
10/5/2019,199.070007,202.300003,196.350006,201.199997
13/5/2019,194.5,195.690002,190.889999,191.789993
14/5/2019,194.190002,197.240005,193.259995,196.210007
15/5/2019,194.179993,199.070007,193.990005,197.720001
16/5/2019,194.960007,196.690002,193.369995,194.600006
17/5/2019,191.479996,195.339996,189.979996,190.809998
20/5/2019,184.600006,186.110001,181.899994,183.199997
21/5/2019,186.880005,187.940002,185.399994,186.949997
22/5/2019,183.369995,184.889999,182.440002,183
23/5/2019,179.789993,180.25,177.199997,180.149994
24/5/2019,181.029999,182.380005,178.419998,178.580002
28/5/2019,179.600006,180.220001,176.649994,177.050003
29/5/2019,175.580002,178.539993,175.070007,177.690002
30/5/2019,178.139999,180.630005,177.740005,179.190002
31/5/2019,176.949997,179.419998,176.399994,176.520004
3/6/2019,178.520004,180.419998,176.029999,176.940002
4/6/2019,180.300003,184.679993,178.759995,184.679993
5/6/2019,186.240005,186.710007,180.960007,183.350006
6/6/2019,183.619995,186.529999,182.960007,185.889999
7/6/2019,186.690002,188.380005,186.059998,187.990005
10/6/2019,190.309998,194.919998,190.309998,192.570007
11/6/2019,196.139999,196.529999,191.869995,193.339996
12/6/2019,191.279999,191.529999,188.589996,188.850006
13/6/2019,190.210007,190.600006,188.470001,189.759995
14/6/2019,184.210007,185.789993,183.720001,184.979996
17/6/2019,184.190002,184.860001,182.800003,182.860001
18/6/2019,184.809998,192.100006,184.809998,190.770004
19/6/2019,192.080002,192.380005,190.039993,191.149994
20/6/2019,194.809998,195.699997,191.869995,192.759995
21/6/2019,192.089996,193.550003,191.300003,191.660004
24/6/2019,191.899994,192.770004,191.389999,191.860001
25/6/2019,192.320007,193.020004,189.020004,189.210007
26/6/2019,193.440002,196.360001,193.100006,195.320007
27/6/2019,196.300003,199.149994,196.300003,198.160004
28/6/2019,199.759995,200.149994,197.970001,198.410004
1/7/2019,207.050003,208.770004,202.039993,203.410004
2/7/2019,202.809998,203.009995,199.949997,200.869995
3/7/2019,200.860001,200.990005,198.440002,199.949997
5/7/2019,197.339996,198.960007,196.550003,198.809998
8/7/2019,197,197.839996,196.029999,197.270004
9/7/2019,196.139999,198.820007,195.639999,198.5
10/7/2019,200.679993,202.899994,199.779999,200.100006
11/7/2019,201,201.410004,199.460007,200.660004
12/7/2019,201.169998,204.520004,201.169998,204.309998
15/7/2019,205.25,206.869995,204.919998,206.100006
16/7/2019,205.149994,205.559998,202.820007,203.910004
17/7/2019,205.089996,205.440002,203.789993,204.520004
18/7/2019,204.449997,207.960007,204.449997,207.479996
19/7/2019,208.259995,209.149994,207.029999,207.240005
22/7/2019,208.149994,211.5,208.149994,211.199997
23/7/2019,212.419998,213.910004,211.5,213.910004
24/7/2019,215.389999,220.820007,215.389999,220.429993
25/7/2019,218.860001,218.960007,216.089996,216.729996
26/7/2019,218.289993,218.289993,216.5,216.669998
29/7/2019,216.300003,217.470001,214.470001,217.259995
30/7/2019,215.119995,217.220001,214.300003,216.770004
31/7/2019,215.130005,215.460007,207.490005,209.580002
1/8/2019,208.690002,214.679993,203.669998,205.440002
2/8/2019,203.360001,205.130005,200.610001,202.410004
5/8/2019,196.479996,196.649994,191.910004,193.669998
6/8/2019,196.889999,198.639999,193.960007,196.139999
7/8/2019,193.020004,198,193.020004,197.380005
8/8/2019,199.220001,202.919998,197.910004,202.850006
9/8/2019,200.699997,201.529999,197.940002,199.309998
12/8/2019,197.240005,198.990005,195.830002,196.699997
13/8/2019,196.699997,204.240005,195.389999,202.509995
14/8/2019,197.830002,199.369995,195.270004,196.279999
15/8/2019,197.360001,197.899994,194.220001,195.919998
16/8/2019,197.979996,201.699997,197.979996,201.139999
19/8/2019,205.960007,206.699997,203.929993,204.839996
20/8/2019,204.770004,205.330002,202.990005,204.080002
21/8/2019,205.759995,206.789993,204.880005,205.75
22/8/2019,206.190002,206.910004,203.610001,205.75
23/8/2019,203.229996,204.649994,196.25,196.809998
26/8/2019,199.789993,200.110001,197.710007,198.479996
27/8/2019,199.919998,200.910004,196.789993,197.740005
28/8/2019,197.009995,199.440002,195.610001,198.990005
29/8/2019,202.509995,204.979996,202.059998,203.770004
30/8/2019,205.75,206.589996,203.830002,204.729996
3/9/2019,202.470001,203.300003,200.199997,201.360001
4/9/2019,204.440002,206.919998,204.440002,206.770004
5/9/2019,211.220001,215.630005,210.639999,213.130005
6/9/2019,213.699997,214.300003,212.279999,213.699997
9/9/2019,214.570007,216.270004,213.669998,214.479996
10/9/2019,213.820007,215.440002,212.130005,215.440002
11/9/2019,216.679993,218.789993,215.309998,218.669998
12/9/2019,220.860001,221.309998,217.899994,219.160004
13/9/2019,219.440002,219.789993,217.710007,218.720001
16/9/2019,217.070007,218.210007,215.259995,217.309998
17/9/2019,216.919998,218.070007,215.570007,217.789993
18/9/2019,218.039993,218.190002,214.979996,218.190002
19/9/2019,218.470001,219.149994,216.710007,216.759995
20/9/2019,217.360001,217.360001,212,212.770004
23/9/2019,212.740005,216.309998,212.580002,215.279999
24/9/2019,215.179993,215.910004,209.649994,210.779999
25/9/2019,209.690002,215,207.869995,214.309998
26/9/2019,214.300003,215.210007,212.449997,214.580002
27/9/2019,213.440002,213.880005,207.880005,209.559998
30/9/2019,210.490005,211.789993,209.559998,211.410004
1/10/2019,212.869995,215.589996,208.869995,209.429993
2/10/2019,208.279999,208.360001,205.009995,206.369995
3/10/2019,206.580002,210.050003,203.929993,210
4/10/2019,211.070007,213.809998,210.619995,213.490005
7/10/2019,213.350006,214.330002,212.130005,212.240005
8/10/2019,209.509995,210.080002,205.429993,205.669998
9/10/2019,208.309998,210.449997,207.899994,209.029999
10/10/2019,209.25,213.360001,209.25,211.070007
11/10/2019,215,218.539993,214.929993,216.050003
14/10/2019,215.899994,216.369995,214.820007,216.020004
15/10/2019,217.360001,221.210007,216.990005,220.770004
16/10/2019,219.520004,220.539993,217.009995,217.639999
17/10/2019,220.130005,220.699997,216.800003,218.009995
18/10/2019,217.619995,218.309998,213.779999,215.699997
21/10/2019,217.800003,219.970001,217.259995,219.949997
22/10/2019,220.600006,220.720001,218.029999,218.029999
23/10/2019,214.020004,215.889999,212.520004,213.830002
24/10/2019,216.710007,219.330002,216.449997,219.119995
25/10/2019,219.850006,223.919998,219.729996,223.699997
28/10/2019,225.369995,227.949997,225.039993,227.770004
29/10/2019,227.970001,229.509995,225.410004,225.410004
30/10/2019,227.130005,227.179993,224,225.490005
31/10/2019,225.110001,225.110001,221.429993,224.350006
1/11/2019,226.470001,229.5,225.419998,229.5
4/11/2019,232.410004,234.850006,232.350006,234.610001
5/11/2019,235.320007,236.639999,234.070007,234.740005
6/11/2019,234.289993,234.360001,230.800003,233.169998
7/11/2019,236.649994,237.149994,233.610001,234.580002
8/11/2019,233.679993,235.910004,232.300003,235.759995
11/11/2019,233.770004,235.149994,232.880005,234.789993
12/11/2019,235.380005,237.089996,234.350006,235.270004
13/11/2019,233.979996,236.089996,232.839996,235.520004
14/11/2019,234.270004,234.949997,232.949997,234.740005
15/11/2019,237.850006,238.889999,235.789993,236.889999
18/11/2019,236.869995,237.800003,235.190002,236.350006
19/11/2019,237.449997,237.800003,233.869995,235.169998
20/11/2019,234.070007,235.240005,230.619995,232.399994
21/11/2019,230.779999,231.960007,228.910004,229.919998
22/11/2019,230.580002,231.850006,229.139999,229.679993
25/11/2019,231.869995,235.419998,231.869995,235.190002
26/11/2019,234.800003,235.160004,233.240005,234.309998
27/11/2019,235.259995,236.029999,234.949997,236
29/11/2019,235.210007,235.210007,233.169998,233.470001
2/12/2019,233.710007,233.949997,229.389999,229.880005
3/12/2019,224.940002,226.550003,223.850006,226.320007
4/12/2019,229.440002,230.899994,229.229996,229.899994
5/12/2019,231.490005,232,230.039993,231.050003
6/12/2019,233.910004,235.070007,233.490005,234.389999
9/12/2019,234.940002,235.149994,233.289993,233.320007
10/12/2019,234.550003,235.839996,233.429993,234.309998
11/12/2019,234.919998,239.470001,234.759995,239.110001
12/12/2019,238.75,246.009995,238.75,245.589996
13/12/2019,245.720001,248.25,243.399994,244.509995
16/12/2019,246.330002,248.110001,245.789993,245.979996
17/12/2019,247.330002,247.570007,245.800003,247.089996
18/12/2019,247.580002,247.580002,246.059998,246.960007
19/12/2019,247.949997,248.949997,246.759995,248.949997
20/12/2019,250.679993,251.910004,249.509995,251.320007
23/12/2019,253.289993,253.419998,251.800003,252.119995
24/12/2019,252.679993,252.740005,251.25,252.529999
26/12/2019,253.600006,253.600006,251.880005,252.820007
27/12/2019,253.860001,253.860001,251.470001,252.320007
30/12/2019,252.259995,252.259995,248.699997,250.419998
31/12/2019,249.119995,251.229996,249,251.100006
2/1/2020,254.259995,256.290009,253,256.290009
3/1/2020,252.339996,253.710007,250.960007,251.509995
6/1/2020,248.350006,249.690002,247.259995,248.889999
7/1/2020,251.990005,254.470001,250.5,253.470001
8/1/2020,253.970001,254.949997,252.160004,253.240005
9/1/2020,256.76001,256.76001,252.440002,254.839996
10/1/2020,256.459991,256.459991,252.619995,253.360001
13/1/2020,255.130005,256.679993,254.350006,256.320007
14/1/2020,257,259.040009,255.539993,256.880005
15/1/2020,257.23999,257.359985,253.110001,254.160004
16/1/2020,256.119995,258.279999,255.940002,258.179993
17/1/2020,259.75,260.119995,258.079987,260.119995
21/1/2020,259.100006,260.869995,258.880005,259.970001
22/1/2020,261.880005,264.630005,261.119995,261.720001
23/1/2020,262.720001,263.940002,260.329987,263.700012
24/1/2020,267.549988,267.929993,259.079987,260.899994
27/1/2020,253.5,254.009995,250.429993,250.940002
28/1/2020,253.779999,257.660004,252.369995,256.76001
29/1/2020,255.850006,256.48999,251.889999,252.039993
30/1/2020,250.649994,252.789993,247.100006,252.050003
31/1/2020,249.740005,249.940002,241.899994,243.059998
3/2/2020,243.800003,246.380005,243.639999,245.779999
4/2/2020,252.330002,253.839996,251.070007,253.460007
5/2/2020,258.290009,259.73999,255.470001,259.299988
6/2/2020,259.209991,259.579987,256.320007,259.450012
7/2/2020,256.399994,256.850006,253.020004,253.330002
10/2/2020,250.970001,257.019989,250.970001,256.880005
11/2/2020,259.369995,263.589996,259.369995,262.070007
12/2/2020,265,266.5,264.76001,266.109985
13/2/2020,263.910004,268.119995,263.589996,266.390015
14/2/2020,268.480011,269.359985,264.170013,265.5
18/2/2020,261.470001,262.51001,260.089996,262.089996
19/2/2020,265.420013,269.200012,265.420013,268.700012
20/2/2020,267.859985,268.570007,260.899994,264.799988
21/2/2020,262.959991,263.190002,255.910004,256.929993
24/2/2020,244.869995,248.360001,243,244.619995
25/2/2020,247.899994,248.270004,235.910004,237.330002
26/2/2020,239.279999,242.869995,236.199997,237.649994
27/2/2020,230.580002,235.309998,226.270004,226.679993
28/2/2020,218.779999,233.309998,218.119995,231.789993
2/3/2020,235.899994,240,228.309998,240
3/3/2020,241.070007,244.210007,230,231.550003
4/3/2020,236.660004,243.380005,233.190002,243.380005
5/3/2020,237.350006,242.160004,234.080002,236.050003
6/3/2020,228.880005,233.070007,225.330002,230.889999
9/3/2020,212.470001,222.779999,210,211.169998
10/3/2020,220,225.229996,212.100006,225.029999
11/3/2020,217.910004,221.080002,210.089996,212.419998
12/3/2020,197.589996,205.679993,188.809998,189.130005
13/3/2020,200.410004,210.179993,189.160004,209.419998
16/3/2020,188,196.869995,175.649994,177.529999
17/3/2020,182.259995,195,174.320007,193.149994
18/3/2020,180.309998,186.789993,167.789993,177.279999
19/3/2020,174.029999,187.490005,170.380005,181.839996
20/3/2020,188.449997,191.770004,175.759995,176.660004
23/3/2020,178.610001,185.910004,174.309998,182.970001
24/3/2020,194.449997,203.350006,193.860001,202.759995
25/3/2020,203.860001,210.509995,196.550003,199.429993
26/3/2020,204.660004,213.710007,202.809998,212.839996
27/3/2020,206.119995,209.139999,201.589996,202.279999
30/3/2020,204.399994,209.940002,202.899994,209.320007
31/3/2020,209.350006,212.880005,203.419998,205.210007
1/4/2020,198.460007,203.210007,191.919998,193.979996
2/4/2020,192.309998,200.229996,191.899994,199.759995
3/4/2020,199.449997,201.979996,193.399994,195.979996
6/4/2020,204.490005,216.949997,204.490005,215.970001
7/4/2020,223.520004,224.380005,214.949997,215.199997
8/4/2020,218.820007,223.220001,215.759995,222.399994
9/4/2020,225.570007,227.309998,215.460007,217.589996
13/4/2020,216.759995,220.710007,215.009995,220.050003
14/4/2020,225.380005,230.199997,224.839996,230.199997
15/4/2020,225.369995,225.369995,221.25,223.350006
16/4/2020,227.399994,230.110001,224.380005,229.619995
17/4/2020,233.660004,234.130005,228.550003,231.399994
20/4/2020,227.919998,231.309998,226.070007,226.369995
21/4/2020,222.839996,223.990005,214.580002,215.279999
22/4/2020,222.300003,229.389999,221.169998,228.309998
23/4/2020,228.320007,230.669998,225.229996,226.029999
24/4/2020,225.880005,231.240005,223.990005,230.729996
27/4/2020,233.710007,236.139999,232.729996,233.809998
28/4/2020,238.169998,239.360001,232.339996,232.600006
29/4/2020,236.729996,244.630005,236.289993,243.639999
30/4/2020,242.610001,242.910004,234.639999,235.039993
1/5/2020,228.860001,230.110001,222.5,223.580002
4/5/2020,221.449997,225.720001,220.570007,225.440002
5/5/2020,229.639999,233.5,227.860001,229.229996
6/5/2020,231.729996,235.610001,231.369995,232.039993
7/5/2020,236.139999,237.029999,232.960007,236.059998
